published_date,month_day,date_source,last_changed_date,title,author,path
2026-05-21,5月21日,git:first_commit,2026-05-21,买了就跌卖了就涨，不是运气差，是这件事没弄清楚,桥博士,articles/published/wechat_batch5_test_buy-dip-sell-peak.md
2026-05-20,5月20日,git:first_commit,2026-05-20,等一个完美买点要多久？数据告诉你别再等了,桥博士,articles/published/wechat_batch5_10_waiting-for-perfect-entry.md
2026-05-20,5月20日,git:first_commit,2026-05-20,看对了方向还是亏钱，问题根本不在判断上,桥博士,articles/published/wechat_batch5_06_right-direction-wrong-result.md
2026-05-20,5月20日,git:first_commit,2026-05-20,满仓和重仓只差一个字，亏起来差几十万,桥博士,articles/published/wechat_batch5_07_full-position-vs-heavy-position.md
2026-05-20,5月20日,git:first_commit,2026-05-20,止损做不到不是意志力差，是你的系统设计错了,桥博士,articles/published/wechat_batch5_03_stop-loss-system-design.md
2026-05-20,5月20日,git:first_commit,2026-05-20,"我再等等""这4个字，让你错过了多少",桥博士,articles/published/wechat_batch5_11_just-wait-a-bit-more.md
2026-05-20,5月20日,git:first_commit,2026-05-20,大盘涨你账户跌，选股错了还是节奏错了？,桥博士,articles/published/wechat_batch5_12_market-up-account-down.md
2026-05-20,5月20日,git:first_commit,2026-05-20,均线为什么对你不灵了？问题根本不在均线,桥博士,articles/published/wechat_batch5_09_moving-average-not-working.md
2026-05-20,5月20日,git:first_commit,2026-05-20,你越复盘越亏钱？3种错误复盘方式正在毁掉你,桥博士,articles/published/wechat_batch5_05_bad-review-methods.md
2026-05-20,5月20日,git:first_commit,2026-05-20,亏了30%要赚多少才回本？大多数人都算错了,桥博士,articles/published/wechat_batch5_04_drawdown-math.md
2026-05-20,5月20日,git:first_commit,2026-05-20,AI能帮你选股，但为什么90%的人用了反而亏更多？,桥博士,articles/published/wechat_batch5_08_ai-stock-picking-trap.md
2026-05-19,5月19日,git:first_commit,2026-05-19,离稳定盈利还差哪一步？这5个信号说明你快到了,桥博士,articles/published/wechat_batch4_05_five-success-signals.md
2026-05-19,5月19日,git:first_commit,2026-05-19,用弹论重构日内交易：4个方法让等待变成优势,桥博士,articles/published/wechat_batch4_14_daytrading-reframe.md
2026-05-19,5月19日,git:first_commit,2026-05-19,深度解读波浪理论：为什么10个人数出10种浪？,桥博士,articles/published/wechat_batch4_20_wave-theory-vs-kuanlun.md
2026-05-19,5月19日,git:first_commit,2026-05-19,海龟系统在A股为什么成功率这么低？原版有个致命假设,桥博士,articles/published/wechat_batch4_08_turtle-ashare-failure.md
2026-05-19,5月19日,git:first_commit,2026-05-19,海龟交易法则作者为什么会破产？这一条学到就够了,桥博士,articles/published/wechat_batch4_18_turtle-bankruptcy-lesson.md
2026-05-19,5月19日,git:first_commit,2026-05-19,每天盯盘8小时有效交易不超20分钟，怎么破？,桥博士,articles/published/wechat_batch4_04_daytrading-20min.md
2026-05-19,5月19日,git:first_commit,2026-05-19,散户到职业选手的距离，就差这5件你从没做对的事,桥博士,articles/published/wechat_batch4_15_amateur-to-pro-5things.md
2026-05-19,5月19日,git:first_commit,2026-05-19,散户99%缺的不是选股方法，是这三种核心交易能力,桥博士,articles/published/wechat_batch4_03_three-core-abilities.md
2026-05-19,5月19日,git:first_commit,2026-05-19,把交易当手艺来练：从新手到独立判断的三个阶段,桥博士,articles/published/wechat_batch4_11_trading-as-craft-3stages.md
2026-05-19,5月19日,git:first_commit,2026-05-19,建立稳定盈利系统需要多久？答案没你想的那么复杂,桥博士,articles/published/wechat_batch4_09_stable-profit-system.md
2026-05-19,5月19日,git:first_commit,2026-05-19,小资金账户唯一正确的玩法：盾牌、地图、裁判三位一体,桥博士,articles/published/wechat_batch4_16_smallcap-three-tools.md
2026-05-19,5月19日,git:first_commit,2026-05-19,学了3年指标，才明白交易这门手艺真的不求人,桥博士,articles/published/wechat_batch4_01_trading-as-craft.md
2026-05-19,5月19日,git:first_commit,2026-05-19,在A股活下来的人，都把读懂节奏变成了一种本能,桥博士,articles/published/wechat_batch4_10_ashare-survival-instinct.md
2026-05-19,5月19日,git:first_commit,2026-05-19,别拿KDJ当买卖信号，用它当过滤器才是正确姿势,桥博士,articles/published/wechat_batch4_17_kdj-as-filter.md
2026-05-19,5月19日,git:first_commit,2026-05-19,你需要的不是更多方法，是把这三件事真正做对,桥博士,articles/published/wechat_batch4_13_three-things-done-right.md
2026-05-19,5月19日,git:first_commit,2026-05-19,你学的缠论越改越难用：是理论本身的问题吗？,桥博士,articles/published/wechat_batch4_02_chanlun-overmodified.md
2026-05-19,5月19日,git:first_commit,2026-05-19,从缠论到宽论：不是升级，是找到适合A股的简化路径,桥博士,articles/published/wechat_batch4_12_chanlun-to-kuanlun.md
2026-05-19,5月19日,git:first_commit,2026-05-19,从混乱到系统：我用宽论弹论重建交易体系的全过程,桥博士,articles/published/wechat_batch4_19_rebuild-system-with-kuanlun.md
2026-05-19,5月19日,git:first_commit,2026-05-19,KDJ金叉买入为什么10次有7次止损？问题在信号前,桥博士,articles/published/wechat_batch4_07_kdj-false-signals.md
2026-05-19,5月19日,git:first_commit,2026-05-19,5万以下小资金怎么操作？3条铁律让你活过市场初期,桥博士,articles/published/wechat_batch4_06_smallcap-survival.md
2026-05-15,5月15日,filename,2026-05-15,量化交易的门槛不在编程而在这个更根本的认知问题,桥博士,articles/published/wechat_mcode2_a_量化交易的门槛不在编程而在这个更根本的认知问题_20260515.md
2026-05-15,5月15日,filename,2026-05-15,艾略特波浪三个致命缺陷以及宽论如何用带鱼短鱼各个击破,桥博士,articles/published/wechat_blvs_c_艾略特波浪三个致命缺陷以及宽论如何用带鱼短鱼各个击破_20260515.md
2026-05-15,5月15日,filename,2026-05-15,用通达信麦语言把弹论写成代码一次你能跟上的全程实操,桥博士,articles/published/wechat_mcode2_b_用通达信麦语言把弹论写成代码一次你能跟上的全程实操_20260515.md
2026-05-15,5月15日,filename,2026-05-15,海龟系统为什么在A股失效？不是方法问题是市场结构问题,桥博士,articles/published/wechat_guilvs_a_海龟系统为什么在A股失效不是方法问题是市场结构问题_20260515.md
2026-05-15,5月15日,filename,2026-05-15,海龟交易法则最难的不是策略是执行纪律——宽论怎么解决这个问题,桥博士,articles/published/wechat_guilvs_c_海龟交易法则最难的不是策略是执行纪律宽论怎么解决_20260515.md
2026-05-15,5月15日,filename,2026-05-15,波浪理论为什么学了不会用？根本问题在于它是一门艺术,桥博士,articles/published/wechat_blvs_a_波浪理论为什么学了不会用根本问题在于它是一门艺术_20260515.md
2026-05-15,5月15日,filename,2026-05-15,止损是交易成本不是失败：重建你对“亏损”这件事的认知,桥博士,articles/published/wechat_fczl_c_止损是交易成本不是失败重建你对亏损这件事的认知_20260515.md
2026-05-15,5月15日,filename,2026-05-15,明势才能分仓 定损才敢重仓——宽论三合一仓位管理框架,桥博士,articles/published/wechat_fczl_b_明势才能分仓定损才敢重仓宽论三合一仓位管理框架_20260515.md
2026-05-15,5月15日,filename,2026-05-15,散户把80%精力放错了地方：721自律模型的时间重分配诊断,桥博士,articles/published/wechat_721_c_散户把80%精力放错了地方721自律模型的时间重分配诊断_20260515.md
2026-05-15,5月15日,filename,2026-05-15,宽论量化海龟：原版海龟加弹论过滤加CDVA入场，胜率有何变化,桥博士,articles/published/wechat_guilvs_b_宽论量化海龟原版海龟加弹论过滤加CDVA入场胜率有何变化_20260515.md
2026-05-15,5月15日,filename,2026-05-15,宽论 vs 波浪理论：从“数浪”到“判鱼”主观分析对量化验证,桥博士,articles/published/wechat_blvs_b_宽论vs波浪理论从数浪到判鱼主观分析对量化验证_20260515.md
2026-05-15,5月15日,filename,2026-05-15,同一段行情10个人数出10种浪——波浪理论到底有没有价值？,桥博士,articles/published/wechat_blvs_d_同一段行情10个人数出10种浪波浪理论到底有没有价值_20260515.md
2026-05-15,5月15日,filename,2026-05-15,仓位从1分到10分的分仓系统：宽论分仓明势定损实操指南,桥博士,articles/published/wechat_fczl_d_仓位从1分到10分的分仓系统宽论分仓明势定损实操指南_20260515.md
2026-05-15,5月15日,filename,2026-05-15,从海龟到量化散户：一套能在A股用的趋势跟随体系长什么样,桥博士,articles/published/wechat_guilvs_d_从海龟到量化散户一套能在A股用的趋势跟随体系_20260515.md
2026-05-15,5月15日,filename,2026-05-15,从主观看图到信号触发宽论麦语言实战的正确入门路径,桥博士,articles/published/wechat_mcode2_d_从主观看图到信号触发宽论麦语言实战的正确入门路径_20260515.md
2026-05-15,5月15日,filename,2026-05-15,从“感觉交易”到“系统交易”：721自律模型如何改变操盘习惯,桥博士,articles/published/wechat_721_d_从感觉交易到系统交易721自律模型如何改变操盘习惯_20260515.md
2026-05-15,5月15日,filename,2026-05-15,为什么越盯盘越亏钱？宽论721自律模型揭示散户时间陷阱,桥博士,articles/published/wechat_721_a_为什么越盯盘越亏钱宽论721自律模型揭示散户时间陷阱_20260515.md
2026-05-15,5月15日,filename,2026-05-15,为什么聪明的散户也总在错误时间重仓？分仓逻辑是核心,桥博士,articles/published/wechat_fczl_a_为什么聪明的散户也总在错误时间重仓分仓逻辑是核心_20260515.md
2026-05-15,5月15日,filename,2026-05-15,为什么Python量化课程让散户越学越迷失,桥博士,articles/published/wechat_mcode2_c_为什么Python量化课程让散户越学越迷失_20260515.md
2026-05-15,5月15日,filename,2026-05-15,7分精力看大势2分看中势1分看小势——721模型重建交易节奏,桥博士,articles/published/wechat_721_b_7分精力看大势2分看中势1分看小势721模型重建交易节奏_20260515.md
2026-05-14,5月14日,filename,2026-05-14,锤头线胜率只有52%，加上MACD条件能到73%——K线不是看图，是验概率,桥博士,articles/published/wechat_kxian_b_锤头线胜率只有52%加MACD条件能到73%K线要验概率不是看图_20260514.md
2026-05-14,5月14日,filename,2026-05-14,金叉不一定涨死叉不一定跌，弹论告诉你均线真正该怎么看,桥博士,articles/published/wechat_dan_a_金叉不一定涨弹论告诉你均线真正该怎么看_20260514.md
2026-05-14,5月14日,filename,2026-05-14,量化交易不是程序员的专利——宽论让散户零编程实现量化,桥博士,articles/published/wechat_mcode_a_量化交易不是程序员的专利宽论让散户零编程实现量化_20260514.md
2026-05-14,5月14日,filename,2026-05-14,通达信麦语言量化入门：复制粘贴，三步给股票加量化信号,桥博士,articles/published/wechat_mcode_b_通达信麦语言量化入门复制粘贴三步给股票加量化信号_20260514.md
2026-05-14,5月14日,filename,2026-05-14,轻仓顺势止损人人会说，分仓明势定损才是实战版本,桥博士,articles/published/wechat_sixword_a_轻仓顺势止损人人会说分仓明势定损才是实战版本_20260514.md
2026-05-14,5月14日,filename,2026-05-14,赌场是怎么稳定盈利的？散户交易的概率思维重构,桥博士,articles/published/wechat_prob_b_赌场是怎么稳定盈利的散户交易的概率思维重构_20260514.md
2026-05-14,5月14日,filename,2026-05-14,艾略特波浪有21种调整浪形态，宽论只需要3个口诀,桥博士,articles/published/wechat_bolang_c_艾略特波浪有21种调整浪形态宽论只需要3个口诀_20260514.md
2026-05-14,5月14日,filename,2026-05-14,缠论笔段千人千浪，宽论用C/D/V/A四个字母彻底解决了,桥博士,articles/published/wechat_chanlun_b_缠论笔段千人千浪宽论CDVA彻底解决_20260514.md
2026-05-14,5月14日,filename,2026-05-14,缠论是起点，宽论是终点——我做了30年交易才明白的升级路径,桥博士,articles/published/wechat_chanlun_c_缠论是起点宽论是终点30年交易升级路径_20260514.md
2026-05-14,5月14日,filename,2026-05-14,缠论学了多年还在亏损？宽论用CDVA帮你找到真正买卖点,桥博士,articles/published/wechat_chanlun_a_缠论学多年还亏损宽论CDVA帮你找买卖点_20260514.md
2026-05-14,5月14日,filename,2026-05-14,真正的仓位管理不是「少买点」，而是100个组合各占1%,桥博士,articles/published/wechat_sixword_b_仓位管理不是少买点而是100个组合各占1%_20260514.md
2026-05-14,5月14日,filename,2026-05-14,炒股为什么不能靠感觉？8000笔交易数据告诉你真相,桥博士,articles/published/wechat_prob_a_炒股为什么不能靠感觉8000笔交易数据告诉你真相_20260514.md
2026-05-14,5月14日,filename,2026-05-14,海龟法则和宽论有什么共同点？都在帮你站在概率那边,桥博士,articles/published/wechat_turtle_b_海龟法则和宽论有何共同点都在帮你站在概率那边_20260514.md
2026-05-14,5月14日,filename,2026-05-14,波浪理论学了3年，行情来了还是不敢下手——主观性是致命缺陷,桥博士,articles/published/wechat_bolang_a_波浪理论学了3年行情来了还是不敢下手_20260514.md
2026-05-14,5月14日,filename,2026-05-14,止损的道理你懂，但临盘就是做不到——721自律模型解决行为问题,桥博士,articles/published/wechat_721_a_止损道理懂临盘做不到721自律模型解决行为问题_20260514.md
2026-05-14,5月14日,filename,2026-05-14,止损止到元气大伤？定损不等于止损，桥博士用这套逻辑保住本金,桥博士,articles/published/wechat_sixword_c_止损元气大伤定损不等于止损桥博士逻辑保住本金_20260514.md
2026-05-14,5月14日,filename,2026-05-14,散户看K线容易出现的3大误区，以及宽论如何用量化方法一一破解,桥博士,articles/published/wechat_kxian_d_散户看K线的3大误区以及宽论如何用量化方法破解_20260514.md
2026-05-14,5月14日,filename,2026-05-14,散户最常犯的错：追了短鱼当带鱼，亏了还不知道原因,桥博士,articles/published/wechat_daiyu_c_散户最常犯的错追了短鱼当带鱼亏了还不知道原因_20260514.md
2026-05-14,5月14日,filename,2026-05-14,把交易规则贴屏幕边，把改单入口藏二级菜单——这是科学不是玄学,桥博士,articles/published/wechat_721_c_交易规则贴屏幕改单藏菜单是科学不是玄学_20260514.md
2026-05-14,5月14日,filename,2026-05-14,我做了20年交易才搞清楚，趋势和震荡之间就差一个弹论,桥博士,articles/published/wechat_dan_d_做20年交易才搞清楚趋势震荡差一个弹论_20260514.md
2026-05-14,5月14日,filename,2026-05-14,弹簧上中下三区间，一句话让你判断今天该做多还是空仓,桥博士,articles/published/wechat_dan_b_弹簧三区间判断今天做多还是空仓_20260514.md
2026-05-14,5月14日,filename,2026-05-14,带鱼还是短鱼？从金叉到死叉，这个判断让胜率提升20%,桥博士,articles/published/wechat_daiyu_d_带鱼还是短鱼从金叉到死叉这个判断让胜率提升20%_20260514.md
2026-05-14,5月14日,filename,2026-05-14,宽论带鱼系统：一个MACD指标，告诉你这波行情能不能吃,桥博士,articles/published/wechat_daiyu_b_宽论带鱼系统一个MACD指标告诉你行情能不能吃_20260514.md
2026-05-14,5月14日,filename,2026-05-14,宽论CDVA分型：用数学重新定义K线，消灭主观识别的模糊地带,桥博士,articles/published/wechat_kxian_c_宽论CDVA分型用数学重新定义K线消灭主观识别_20260514.md
2026-05-14,5月14日,filename,2026-05-14,宽论 vs 波浪理论：散户到底该学哪个？数据说话,桥博士,articles/published/wechat_bolang_b_宽论vs波浪理论散户该学哪个数据说话_20260514.md
2026-05-14,5月14日,filename,2026-05-14,别再迷信缠论的复杂了，宽论给你一套能编程回测的交易系统,桥博士,articles/published/wechat_chanlun_d_别迷信缠论复杂宽论能编程回测交易系统_20260514.md
2026-05-14,5月14日,filename,2026-05-14,传统波浪理论千人千浪，宽论CDVA让买卖点精确到可编程执行,桥博士,articles/published/wechat_cdva_b_千人千浪CDVA让买卖点精确可编程执行_20260514.md
2026-05-14,5月14日,filename,2026-05-14,从零搭建一套量化交易系统要多久？宽论海龟训练营给了我答案,桥博士,articles/published/wechat_turtle_c_从零搭建量化交易系统海龟训练营给了我答案_20260514.md
2026-05-14,5月14日,filename,2026-05-14,从策略到信号：宽论如何帮你绕过编程门槛直接量化,桥博士,articles/published/wechat_mcode_d_从策略到信号宽论如何帮你绕过编程门槛直接量化_20260514.md
2026-05-14,5月14日,filename,2026-05-14,"从盈亏比2.76说起：为什么""做概率的朋友""是可量化的系统",桥博士,articles/published/wechat_prob_d_从盈亏比2.76说起为什么做概率的朋友是可量化的系统_20260514.md
2026-05-14,5月14日,filename,2026-05-14,交易纪律靠意志力注定失败，721模型教你用环境设计替代自我控制,桥博士,articles/published/wechat_721_b_交易纪律靠意志力注定失败721用环境设计替代自控_20260514.md
2026-05-14,5月14日,filename,2026-05-14,为什么说均线系统最大的坑是弹簧中部？用弹论过滤80%假信号,桥博士,articles/published/wechat_dan_c_均线最大坑是弹簧中部弹论过滤假信号_20260514.md
2026-05-14,5月14日,filename,2026-05-14,为什么同一行情不同人数出不同的浪？波浪理论的原罪,桥博士,articles/published/wechat_bolang_d_为什么同一行情不同人数出不同的浪波浪理论的原罪_20260514.md
2026-05-14,5月14日,filename,2026-05-14,为什么Python量化课程学了还是亏钱？散户量化的正确打开方式,桥博士,articles/published/wechat_mcode_c_为什么Python量化课程学了还是亏钱散户量化的正确打开方式_20260514.md
2026-05-14,5月14日,filename,2026-05-14,不预测涨跌，只做概率有利的交易——宽论的核心逻辑,桥博士,articles/published/wechat_prob_c_不预测涨跌只做概率有利的交易宽论的核心逻辑_20260514.md
2026-05-14,5月14日,filename,2026-05-14,不用均线不用MACD，CDVA只看2根K线就给出多空信号,桥博士,articles/published/wechat_cdva_a_不用均线MACD只看2根K线CDVA给出多空信号_20260514.md
2026-05-14,5月14日,filename,2026-05-14,MACD金叉买入为什么每次都被套？带鱼法帮你识别真假突破,桥博士,articles/published/wechat_daiyu_a_MACD金叉买入为什么每次都被套_20260514.md
2026-05-14,5月14日,filename,2026-05-14,K线形态真的有用吗？我用10年数据做了回测，结果让人意外,桥博士,articles/published/wechat_kxian_a_K线形态真的有用吗我用10年数据做了回测_20260514.md
2026-05-14,5月14日,filename,2026-05-14,C买D卖V冲A逃：CDVA四字口诀彻底改变了我的交易思路,桥博士,articles/published/wechat_cdva_c_CDVA四字口诀彻底改变交易思路_20260514.md
2026-05-14,5月14日,filename,2026-05-14,1983年那13个普通人靠系统交易赚钱，散户今天依然可以复制这条路,桥博士,articles/published/wechat_turtle_a_1983年13个普通人靠系统交易散户今天可以复制_20260514.md
2026-05-13,5月13日,filename,2026-05-13,量化交易的平权运动：散户凭什么和机构抢饭吃,宽论,articles/published/wechat_quant6_量化交易平权运动散户凭什么和机构抢饭吃_20260513.md
2026-05-13,5月13日,filename,2026-05-13,缠论是地图，宽论是导航——为什么两者必须同时懂,宽论,articles/published/wechat_chanlun3_缠论是地图宽论是导航_20260513.md
2026-05-13,5月13日,filename,2026-05-13,缠论学到极致，还差宽论这一步,宽论,articles/published/wechat_chanlun1_缠论学到极致还差宽论这一步_20260513.md
2026-05-13,5月13日,filename,2026-05-13,缠论大神为什么学了宽论都说相见恨晚,宽论,articles/published/wechat_chanlun5_缠论大神为什么学了宽论都说相见恨晚_20260513.md
2026-05-13,5月13日,filename,2026-05-13,看大顺中逆小：我用这4步重构了多级别交易系统,宽论,articles/published/wechat_multi11_看大顺中逆小我用这4步重构了多级别交易系统_20260513.md
2026-05-13,5月13日,filename,2026-05-13,我做了30年交易才明白：缠论是起点，宽论是终点,宽论,articles/published/wechat_chanlun4_我做了30年交易才明白缠论是起点宽论是终点_20260513.md
2026-05-13,5月13日,filename,2026-05-13,小资金也能用量化？宽论给了散户一把正规军的枪,宽论,articles/published/wechat_quant7_小资金也能用量化宽论给散户一把正规军的枪_20260513.md
2026-05-13,5月13日,filename,2026-05-13,学了5年缠论还在亏钱？宽论打通了你缺的那一环,宽论,articles/published/wechat_chanlun2_学了5年缠论还亏钱宽论打通了你缺的那一环_20260513.md
2026-05-13,5月13日,filename,2026-05-13,大级别是方向，中级别是机会，小级别是入场点,宽论,articles/published/wechat_multi13_大级别是方向中级别是机会小级别是入场点_20260513.md
2026-05-13,5月13日,filename,2026-05-13,多级别协同：稳定盈利的交易系统少不了这一层,宽论,articles/published/wechat_multi15_多级别协同稳定盈利的交易系统少不了这一层_20260513.md
2026-05-13,5月13日,filename,2026-05-13,从缠论主观判断到宽论量化决策：普通人都走得完的路,宽论,articles/published/wechat_quant8_从缠论主观判断到宽论量化决策普通人都走得完的路_20260513.md
2026-05-13,5月13日,filename,2026-05-13,为什么散户自学量化越做越亏？少了这个底层框架,宽论,articles/published/wechat_quant10_为什么散户自学量化越做越亏少了这个底层框架_20260513.md
2026-05-13,5月13日,filename,2026-05-13,为什么你总买在高点？因为你只看了一个级别,宽论,articles/published/wechat_multi12_为什么你总买在高点因为你只看了一个级别_20260513.md
2026-05-13,5月13日,filename,2026-05-13,QR值：让散户秒懂机构选股逻辑的量化工具,宽论,articles/published/wechat_quant9_QR值让散户秒懂机构选股逻辑的量化工具_20260513.md
2026-05-13,5月13日,filename,2026-05-13,KDJ在小级别频繁死叉？用多级别过滤掉90%假信号,宽论,articles/published/wechat_multi14_KDJ在小级别频繁死叉用多级别过滤掉90%假信号_20260513.md
2026-05-11,5月11日,git:first_commit,2026-05-11,韭菜最爱说的5句话，你说过几句？,桥博士,articles/published/韭菜最爱说的5句话.md
2026-05-11,5月11日,git:first_commit,2026-05-11,韭菜为什么总是追涨杀跌？心理学给出了答案,桥博士,articles/published/韭菜为什么总是追涨杀跌.md
2026-05-11,5月11日,git:first_commit,2026-05-11,职业交易者的风控铁律：韭菜永远学不会,桥博士,articles/published/职业交易者的风控铁律.md
2026-05-11,5月11日,git:first_commit,2026-05-11,职业交易者的一天：你以为的自由其实是自律,桥博士,articles/published/职业交易者的一天-你以为的自由其实是自律.md
2026-05-11,5月11日,git:first_commit,2026-05-11,职业交易者如何看待亏损：和韭菜完全相反,桥博士,articles/published/职业交易者如何看待亏损.md
2026-05-11,5月11日,git:first_commit,2026-05-11,职业交易者和韭菜的3个根本区别,桥博士,articles/published/职业交易者和韭菜的3个根本区别.md
2026-05-11,5月11日,git:first_commit,2026-05-11,缠论背驰：散户最该学的抄底信号,宽论,articles/published/缠论背驰-散户最该学的抄底信号.md
2026-05-11,5月11日,git:first_commit,2026-05-11,缠论看盘：级别选错了，一切白搭,宽论,articles/published/缠论看盘-级别选错了一切白搭.md
2026-05-11,5月11日,git:first_commit,2026-05-11,缠论太复杂？这套简化版让你立刻能用,宽论,articles/published/缠论太复杂-这套简化版让你立刻能用.md
2026-05-11,5月11日,git:first_commit,2026-05-11,缠论交易系统怎么搭？从分析框架到实盘执行全拆解,宽论,articles/published/缠论交易系统完整搭建指南.md
2026-05-11,5月11日,git:first_commit,2026-05-11,缠论三买三卖到底怎么用？90%的人第一步就错了,宽论,articles/published/缠论三买三卖到底怎么用.md
2026-05-11,5月11日,git:first_commit,2026-05-11,真正懂缠论的人，都有这种思维方式,宽论,articles/published/真正懂缠论的人都有这种思维方式.md
2026-05-11,5月11日,git:first_commit,2026-05-11,深度解读缠论：笔、段、中枢到底在说什么,宽论,articles/published/深度解读缠论-笔段中枢到底在说什么.md
2026-05-11,5月11日,git:first_commit,2026-05-11,小资金学缠论最容易踩的5个坑,宽论,articles/published/小资金学缠论最容易踩的5个坑.md
2026-05-11,5月11日,git:first_commit,2026-05-11,学缠论亏了50万的人，都犯了同一个错误,宽论,articles/published/学缠论亏了50万的人都犯了同一个错.md
2026-05-11,5月11日,git:first_commit,2026-05-11,学缠论之前，你必须搞清楚这3件事,宽论,articles/published/学缠论之前你必须搞清楚这3件事.md
2026-05-11,5月11日,git:first_commit,2026-05-11,如何判断自己还是不是韭菜,桥博士,articles/published/如何判断自己还是不是韭菜.md
2026-05-11,5月11日,git:first_commit,2026-05-11,你身上有几个韭菜特征？对照这5条自查,桥博士,articles/published/你身上有几个韭菜特征-对照这5条自查.md
2026-05-11,5月11日,git:first_commit,2026-05-11,从韭菜到职业交易者，只需要改掉这一个习惯,桥博士,articles/published/从韭菜到职业交易者只需要改掉这一个习惯.md
2026-05-11,5月11日,git:first_commit,2026-05-11,为什么95%的散户注定是韭菜,桥博士,articles/published/为什么95%的散户注定是韭菜.md
2026-05-09,5月9日,git:first_commit,2026-05-09,能稳定盈利的交易系统，到底有多简单？,宽论,articles/published/能稳定盈利的交易系统有多简单.md
2026-05-09,5月9日,git:first_commit,2026-05-09,能稳定盈利的交易系统大道至简，到底有多简单？,宽论,articles/published/菲阿里模型-趋势跟随的真正门槛.md
2026-05-09,5月9日,git:first_commit,2026-05-09,缠论+量化=弹论：五根均线如何替代缠论中枢,宽论,articles/published/缠论+量化才是散户的正确路.md
2026-05-09,5月9日,git:first_commit,2026-05-09,用着很顺手！KDJ短线神器，但你真的用对了吗？,宽论,articles/published/KDJ短线神器为何失灵-弹论给你真正用法.md
2026-05-09,5月9日,git:first_commit,2026-05-09,海龟交易系统：公开揭露盈利上亿的成功秘诀,宽论,articles/published/海龟交易系统-宽论升级版.md
2026-05-09,5月9日,git:first_commit,2026-05-09,波浪理论为什么越学越亏？弹论才是正确用法,宽论,articles/published/波浪理论为什么越学越亏-弹论才是正确用法.md
2026-05-09,5月9日,git:first_commit,2026-05-09,散户学了3年还是亏钱，问题根本不在技术,宽论,articles/published/散户学了3年还是亏钱-问题根本不在技术.md
2026-05-09,5月9日,git:first_commit,2026-05-09,散户亏钱，不是运气差，是认知欠费,宽论,articles/published/散户亏钱不是运气差-是认知欠费.md
2026-05-09,5月9日,git:first_commit,2026-05-09,我见过亏损最惨的散户，都犯了这3个错误,宽论,articles/published/我见过亏损最惨的散户-都犯了这3个错误.md
2026-05-09,5月9日,git:first_commit,2026-05-09,多周期共振：大中小周期如何协同决策,宽论,articles/published/多周期共振：大中小周期如何协同决策.md
2026-05-09,5月9日,git:first_commit,2026-05-09,在股市活下来的人，都练成了这种本事,宽论,articles/published/在股市活下来的人-都练成了这种本事.md
2026-05-09,5月9日,git:first_commit,2026-05-09,别再瞎改缠论了！原版缠论才是最强交易法则,宽论,articles/published/别再瞎改缠论了-弹论才是正确路.md
2026-05-09,5月9日,git:first_commit,2026-05-09,具备这三种能力，你才能在股市上赚到钱,宽论,articles/published/散户为什么亏钱-缺的是这三种能力.md
2026-05-09,5月9日,git:first_commit,2026-05-09,"你炒股的这5个""正常""习惯，正在让你稳定亏钱",宽论,articles/published/你炒股的这5个习惯正在让你稳定亏钱.md
2026-05-09,5月9日,git:first_commit,2026-05-09,交易，是一门不求人的手艺,宽论,articles/published/交易是一门不求人的手艺.md
2026-05-09,5月9日,git:first_commit,2026-05-09,交易是门手艺：MACD背离，你真的看懂了吗？,宽论,articles/published/MACD背离你真的看懂了吗.md
2026-05-09,5月9日,git:first_commit,2026-05-09,交易小资金账户，一定要认真看这个！,宽论,articles/published/小资金账户的死亡陷阱.md
2026-05-09,5月9日,git:first_commit,2026-05-09,交易做到这5点，说明你快要成功了！,宽论,articles/published/交易做到这5点-说明你快要成功了.md
2026-05-09,5月9日,git:first_commit,2026-05-09,交易99%时间都在等待？4个方法重构日内交易系统,宽论,articles/published/MACD日内交易4个致命错误.md
2026-05-09,5月9日,git:first_commit,2026-05-09,亏了10万，却舍不得花88元买本书？,宽论,articles/published/亏了10万却舍不得花88元买书.md
2026-05-09,5月9日,git:first_commit,2026-05-09,《海龟交易法则》作者破产，投资到底靠什么走远？,宽论,articles/published/海龟法则作者破产-系统交易者的盲区.md
2026-05-08,5月8日,filename,2026-05-09,止损纪律：职业选手和业余选手的分水岭,宽论,articles/published/wechat_mindset_stoploss-discipline-pro-vs-amateur_20260508.md
2026-05-08,5月8日,filename,2026-05-09,仓位管理：职业选手和业余选手的分水岭,宽论,articles/published/wechat_mindset_position-sizing-pro-vs-amateur_20260508.md
2026-05-08,5月8日,filename,2026-05-09,交易计划：职业选手和业余选手的分水岭,宽论,articles/published/wechat_mindset_trading-plan-pro-vs-amateur_20260508.md
2026-05-08,5月8日,filename,2026-05-09,为什么真正赚钱的交易员，一天只做1-2笔交易？,宽论,articles/published/wechat_mindset_why-pro-traders-trade-less_20260508.md
2026-05-08,5月8日,filename,2026-05-09,MACD金叉买入，为什么每次都被套？,宽论,articles/published/wechat_zhibiao_macd-golden-cross-trap_20260508.md
2026-05-08,5月8日,filename,2026-05-09,MACD指标为什么总是不准？,宽论,articles/published/wechat_zhibiao_macd-why-inaccurate_20260508.md
2026-05-08,5月8日,filename,2026-05-09,K线形态背了100种，为什么还是看不懂图？,宽论,articles/published/wechat_zhibiao_kline-100-patterns-still-lost_20260508.md
2026-04-30,4月30日,filename,2026-04-30,顺势操作的认知陷阱：什么叫真正的顺势,宽论,articles/published/wechat_liuzijue_trend-following-traps_20260430.md
2026-04-30,4月30日,filename,2026-04-30,量化交易入门：什么是程序化交易,宽论,articles/published/wechat_quant_intro-programmatic_20260430.md
2026-04-30,4月30日,filename,2026-04-30,量价关系基础：成交量说明了什么问题,宽论,articles/published/wechat_zhibiao_volume-price-basics_20260430.md
2026-04-30,4月30日,git:first_commit,2026-04-30,连续止损3次后怎么办：保持执行力的心理训练,宽论,articles/published/连续止损3次后怎么办.md
2026-04-30,4月30日,filename,2026-04-30,资金管理进阶：凯利公式的实战改造,宽论,articles/published/wechat_risk_kelly-formula_20260430.md
2026-04-30,4月30日,filename,2026-04-30,资产配置基础：为什么不能只做一个品种,宽论,articles/published/wechat_risk_asset-allocation_20260430.md
2026-04-30,4月30日,git:first_commit,2026-04-30,聪明人炒股为什么更容易亏钱,宽论,articles/published/聪明人炒股为什么更容易亏钱.md
2026-04-30,4月30日,git:first_commit,2026-04-30,短鱼出现时该怎么做：应对假突破的操作手册,宽论,articles/published/短鱼出现时该怎么做：应对假突破的操作手册.md
2026-04-30,4月30日,filename,2026-04-30,海龟交易法则：经典系统的现代解读,宽论,articles/published/wechat_quant_turtle-rules_20260430.md
2026-04-30,4月30日,filename,2026-04-30,止损设置的三种方法：固定点位、技术位和ATR,宽论,articles/published/wechat_liuzijue_stop-loss-methods_20260430.md
2026-04-30,4月30日,filename,2026-04-30,期望值思维：单笔结果不重要，100笔的数学期望才重要,宽论,articles/published/wechat_mindset_expected-value_20260430.md
2026-04-30,4月30日,git:first_commit,2026-04-30,弹论为什么在A股有效：与欧美市场的结构差异,宽论,articles/published/弹论为什么在A股有效：与欧美市场的结构差异.md
2026-04-30,4月30日,git:first_commit,2026-04-30,弹论三区域完全指南：上中下如何判断趋势,宽论,articles/published/弹论三区域完全指南.md
2026-04-30,4月30日,git:first_commit,2026-04-30,弹中震荡为什么不能操作：概率数据告诉你答案,宽论,articles/published/弹中震荡为什么不能操作.md
2026-04-30,4月30日,git:first_commit,2026-04-30,弹下看空不是做空：弹论的防守思维与保命逻辑,宽论,articles/published/弹下看空不是做空.md
2026-04-30,4月30日,git:first_commit,2026-04-30,弹上做多的完整操作框架：进场、减仓与止损,宽论,articles/published/弹上做多的完整操作框架.md
2026-04-30,4月30日,git:first_commit,2026-04-30,带鱼原理深度解析：为什么带鱼体现的是主力意图,宽论,articles/published/带鱼原理深度解析：为什么带鱼体现的是主力意图.md
2026-04-30,4月30日,filename,2026-04-30,宽论完整学习路径：从入门到实战的9天72小时,宽论,articles/published/wechat_kuanlun_learning-path_20260430.md
2026-04-30,4月30日,filename,2026-04-30,宽论品牌故事：桥博士和《概率的朋友》的诞生,宽论,articles/published/wechat_brand_kuanlun-story_20260430.md
2026-04-30,4月30日,git:first_commit,2026-04-30,如何用带鱼法则过滤假突破：3个量价条件,宽论,articles/published/如何用带鱼法则过滤假突破：3个量价条件.md
2026-04-30,4月30日,filename,2026-04-30,多周期共振：大中小周期如何协同决策,宽论,articles/published/wechat_zhibiao_multi-cycle-resonance_20260430.md
2026-04-30,4月30日,filename,2026-04-30,夏普比率与卡玛比率：如何评估一个策略的好坏,宽论,articles/published/wechat_quant_sharpe-calmar_20260430.md
2026-04-30,4月30日,filename,2026-04-30,均线系统实战：五线排列的判断标准,宽论,articles/published/wechat_zhibiao_moving-average-system_20260430.md
2026-04-30,4月30日,filename,2026-04-30,回测的正确方式：避免过拟合的三个原则,宽论,articles/published/wechat_quant_backtesting-overfitting_20260430.md
2026-04-30,4月30日,filename,2026-04-30,参数优化陷阱：为什么最优参数不等于最好策略,宽论,articles/published/wechat_quant_param-optimization-trap_20260430.md
2026-04-30,4月30日,git:first_commit,2026-04-30,六字诀完整解析：轻仓止损顺势的底层逻辑,宽论,articles/published/六字诀完整解析：轻仓止损顺势的底层逻辑.md
2026-04-30,4月30日,filename,2026-04-30,全天候策略：桥水基金的配置逻辑,宽论,articles/published/wechat_risk_all-weather_20260430.md
2026-04-30,4月30日,filename,2026-04-30,仓位管理：为什么说轻仓是最好的风险控制,宽论,articles/published/wechat_liuzijue_position-management_20260430.md
2026-04-30,4月30日,git:first_commit,2026-04-30,从感觉到规则：系统化交易的关键跨越,宽论,articles/published/从感觉到规则：系统化交易的关键跨越.md
2026-04-30,4月30日,filename,2026-04-30,从单一指标到系统：搭建自己的交易框架,宽论,articles/published/wechat_zhibiao_from-indicator-to-system_20260430.md
2026-04-30,4月30日,filename,2026-04-30,从亏损中学习：如何把每次止损变成数据,宽论,articles/published/wechat_learn_loss-to-data_20260430.md
2026-04-30,4月30日,git:first_commit,2026-04-30,从CDVA到下单：一个完整买卖决策的流程图,宽论,articles/published/从CDVA到下单：一个完整买卖决策的流程图.md
2026-04-30,4月30日,filename,2026-04-30,交易日志：职业选手和业余选手的分水岭,宽论,articles/published/wechat_learn_trading-journal_20260430.md
2026-04-30,4月30日,filename,2026-04-30,交易心理进阶：如何在连续止损后保持执行力,宽论,articles/published/wechat_mindset_consecutive-loss_20260430.md
2026-04-30,4月30日,git:first_commit,2026-04-30,一致性大于爆发力：100次交易的数学期望,宽论,articles/published/一致性大于爆发力：100次交易的数学期望.md
2026-04-30,4月30日,git:first_commit,2026-04-30,V型反转vsA型见顶：散户最常搞混的两种形态,宽论,articles/published/V型反转vsA型见顶：散户最常搞混的两种形态.md
2026-04-30,4月30日,filename,2026-04-30,QR值（量化相对强弱）：如何筛选强势品种,宽论,articles/published/wechat_quant_qr-strength_20260430.md
2026-04-30,4月30日,filename,2026-04-30,CTA策略基础：趋势跟踪的核心逻辑,宽论,articles/published/wechat_quant_cta-trend_20260430.md
2026-04-30,4月30日,git:first_commit,2026-04-30,CDVA结合弹论：双重确认体系的实战应用,宽论,articles/published/CDVA结合弹论：双重确认体系的实战应用.md
2026-04-30,4月30日,git:first_commit,2026-04-30,CDVA线穿线识别要点：C型与D型的细节区分,宽论,articles/published/CDVA线穿线识别要点：C型与D型的细节区分.md
2026-04-27,4月27日,git:first_commit,2026-04-27,海龟交易法则赚了上亿美元，但有一个致命缺陷我帮它补上了,宽论,articles/published/海龟交易法则宽论升级.md
2026-04-27,4月27日,git:first_commit,2026-04-27,海龟交易法则作者破产流浪，交易系统再好为什么还会爆仓？,宽论,articles/published/海龟破产资产配置.md
2026-04-27,4月27日,git:first_commit,2026-04-27,学了这么多K线形态还是不会用？试试量化分型,宽论,articles/published/CDVA量化分型.md
2026-04-27,4月27日,git:first_commit,2026-04-27,学了3年波浪理论还在数浪？一招带鱼法则终结你的困惑,宽论,articles/published/波浪理论带鱼法则.md
2026-04-27,4月27日,git:first_commit,2026-05-09,均线用了这么多年还在亏？因为你只学了皮毛,宽论,articles/published/均线弹论五线系统.md
2026-04-27,4月27日,git:first_commit,2026-04-27,做了30年交易，我发现亏钱的人都有同一个习惯,宽论,articles/published/亏钱习惯六字诀.md
2026-04-27,4月27日,git:first_commit,2026-04-27,你的回测收益率99%是假的：量化交易的3个致命陷阱,宽论,articles/published/量化回测三个陷阱.md
2026-04-27,4月27日,git:first_commit,2026-04-27,A股4000多只股票，我只用一个指标做筛选,宽论,articles/published/QR值选股系统.md
2026-04-27,4月27日,git:first_commit,2026-04-27,99%的人都在错误使用MACD，上涨之眼才是真正的买点,宽论,articles/published/MACD上涨之眼.md
2026-04-24,4月24日,git:first_commit,2026-04-24,90%散户亏钱的真相：你一直在和概率作对,宽论,articles/published/quant-probability-friend.md
2026-04-24,4月24日,git:first_commit,2026-04-24,7种K线形态的量化真相：哪些能赚钱，哪些只是幻觉？,宽论,articles/published/kline-patterns-quant-truth.md
2026-04-23,4月23日,git:first_commit,2026-04-23,缠论学了3年还是亏钱？问题出在这里,,articles/published/chanlun-3years-loss.md
2026-04-23,4月23日,git:first_commit,2026-04-23,缠论学了3年还是亏钱怎么办,,articles/published/缠论学了3年还是亏钱怎么办.md
2026-04-23,4月23日,git:first_commit,2026-04-23,缠论为什么学不会？3年入门却还在亏钱的真相,,articles/published/chanlun-xuebuhui.md
2026-04-23,4月23日,git:first_commit,2026-04-23,爆款文章学习方法论-调研报告,,articles/published/爆款文章学习方法论-调研报告.md
2026-04-23,4月23日,git:first_commit,2026-04-23,数据库字段扩展设计,,articles/published/数据库字段扩展设计.md
2026-04-23,4月23日,git:first_commit,2026-04-23,散户如何选择量化交易策略,,articles/published/sanhu-quant-strategy.md
2026-04-23,4月23日,git:first_commit,2026-04-23,宽论是什么？散户入门量化的终极作战地图,,articles/published/test-wechat-article-v2.md
2026-04-23,4月23日,git:first_commit,2026-04-23,宽论是什么？散户入门量化的终极作战地图,,articles/published/test-wechat-article.md
2026-04-23,4月23日,git:first_commit,2026-04-23,宽论和缠论哪个更适合散户,,articles/published/kuanlun-vs-chanlun-enhanced.md
2026-04-23,4月23日,git:first_commit,2026-04-23,宽论和缠论哪个更适合散户,,articles/published/kuanlun-vs-chanlun-markdown.md
2026-04-23,4月23日,git:first_commit,2026-04-23,宽论与缠论：散户该选哪个？,,articles/published/kuanlun-vs-chanlun-new.md
2026-04-23,4月23日,git:first_commit,2026-05-07,宽论与波浪理论：散户该选哪个？,,articles/published/kuanlun-vs-bolang-test.md
2026-04-23,4月23日,git:first_commit,2026-04-23,字段填充指南,,articles/published/字段填充指南.md
2026-04-23,4月23日,git:first_commit,2026-04-23,别再死磕缠论了！宽论才是散户的终极武器,,articles/published/kuanlun-vs-chanlun-imitate1.md
2026-04-23,4月23日,git:first_commit,2026-04-23,交易，是一门不求人的手艺,,articles/published/jiaoyi-shouyiren-kuanlun.md
2026-04-23,4月23日,git:first_commit,2026-04-23,MACD背离：高手藏着不说的技巧，其实比金叉死叉准多了,,articles/published/macd-divergence.md
2026-04-23,4月23日,git:first_commit,2026-04-23,MACD指标的5个核心数据,,articles/published/macd-5-elements-data.md
2026-04-23,4月23日,git:first_commit,2026-04-23,MACD指标为什么总是不准？,,articles/published/macd-kuanlun-method.md
2026-04-23,4月23日,git:first_commit,2026-04-23,MACD交易系统很简单，大道至简，到底有多简单？,,articles/published/macd-simple-system-v2.md
2026-04-23,4月23日,git:first_commit,2026-04-23,MACD交易系统很简单，大道至简，到底有多简单？,,articles/published/macd-simple-system-v3.md
2026-04-23,4月23日,git:first_commit,2026-04-23,MACD交易系统很简单，大道至简，到底有多简单？,,articles/published/macd-simple-system.md
2026-04-23,4月23日,git:first_commit,2026-04-23,K线看3年还亏钱？3个致命误区,宽论,articles/published/kline_three_misconceptions.md
2026-04-21,4月21日,frontmatter:date,2026-05-09,缠论学了3年还是亏钱怎么办,,articles/published/chanlun-3years.md
